Name,Gender,Department,Location,Rating,Salary,Bonus %,Bonus Amount,Total Pay,,Gender Distribution,"Gender Pay Gap (Company, Dept, Region)",Rating Trends by Gender,Minimum Salary Compliance (? $90k),Salary Band Distribution (by $10k and Region),Bonus Allocation (by Employee and Region),,
Ches Bonnell,Male,Sales,Lagos,Very Good,88050,8.80%,"7,748.40","95,798.40",,,,,,,,,
Garwin Peasegood,Female,Engineering,Lagos,Good,68220,4.30%,"2,933.46","71,153.46",,,,,,,,,
Sidoney Yitzhok,Female,NULL,Abuja,Not Rated,118440,6.40%,"3,607.68","59,977.68",,,,,,,,,
Saunders Blumson,Undisclosed,Legal,Kaduna,Very Good,56370,,Bonus Amount = Salary × Bonus Rate,,,,,,,,,,
Gardy Grigorey,Female,Support,Kaduna,Poor,107090,,,,,,,,,,,,
Marlie Charsley,Male,Support,Abuja,Poor,108450,"=XLOOKUP([@Rating], BonusRules!$B$1:$F$1, XLOOKUP([@Department], BonusRules!$A$2:$A$20, BonusRules!$B$2:$F$20))",,,,,,,,,,,
Adella Hartshorne,Female,Human Resources,Lagos,Average,41160,,,,,,,,,,,,
Rasla Fisby,Male,Legal,Abuja,Very Good,109000,,,,,,,,,,,,
Rayna Gamlin,Undisclosed,Services,Abuja,Average,NULL,,,,,,,,,,,,
Willi Vasey,Female,Support,Kaduna,Average,43020,,,,,Name,Gender,Dept,Salary,Rating,Bonus %,Bonus Amount,Total Pay
Selby Hacker,Male,Business Development,Lagos,Average,37800,,,,,Ches Bonnell,Male,Sales,"88,050",Very Good,8.80%,"7,748.40","95,798.40"
Stefa Eggleston,Male,Sales,Kaduna,Average,88380,,,,,Garwin Peasegood,Female,Eng.,"68,220",Good,4.30%,"2,933.46","71,153.46"
Phylys Benitez,Female,Product Management,Abuja,Average,84420,,,,,Saunders Blumson,Undisclosed,Legal,"56,370",Very Good,6.40%,"3,607.68","59,977.68"
Ronnie Sinyard,Female,Legal,Abuja,Good,101760,,,,,,,,,,,,
Axel Grigaut,Male,Sales,Abuja,Poor,110780,,,,,,,,,,,,
Timmi Durran,Male,Human Resources,Abuja,Good,68430,,,,,,,,,,,,
Minna Showler,Female,Training,Kaduna,Good,105370,,,,,,,,,,,,
Dyanne Strafen,Male,Engineering,Lagos,Average,113800,,,,,,,,,,,,
Dorolice Farry,Female,Sales,Kaduna,Average,76300,,,,,,,,,,,,
Elliot Tuplin,Female,Sales,Kaduna,Average,44530,,,,,,,,,,,,
Lion Adcock,Female,Legal,Lagos,Average,63710,,,,,,,,,,,,
Vic Radolf,Female,Product Management,Abuja,Very Good,62780,,,,,,,,,,,,
Tiffani Mecozzi,Female,Training,Lagos,Average,119750,,,,,,,,,,,,
Jeane Bermingham,Male,Research and Development,Kaduna,Very Poor,116980,,,,,,,,,,,,
Gavan Puttan,Male,Accounting,Abuja,Good,35940,,,,,,,,,,,,
Danielle Johananoff,Male,Services,Lagos,Average,109040,,,,,,,,,,,,
Rafaelita Blaksland,Female,Services,Kaduna,Good,109160,,,,,,,,,,,,
Brit Hamnett,Male,Human Resources,Abuja,Average,75540,,,,,,,,,,,,
Mable Phythian,Female,Engineering,Kaduna,Average,30000,,,,,,,,,,,,
Joella Maevela,Female,Sales,Abuja,Good,76210,,,,,,,,,,,,
Mollie Hanway,Male,NULL,Lagos,Average,112650,,,,,,,,,,,,
Obidiah Westrope,Male,Legal,Kaduna,Good,108460,,,,,,,,,,,,
Murry Dryburgh,Male,Research and Development,Kaduna,Poor,69070,,,,,,,,,,,,
Abbie Tann,Female,Business Development,Lagos,Good,116520,,,,,,,,,,,,
Aluin Churly,Female,Research and Development,Kaduna,Not Rated,96560,,,,,,,,,,,,
Bennett Gimenez,Female,Human Resources,Abuja,Good,36460,,,,,,,,,,,,
Isa Mogie,Female,Training,Kaduna,Good,50950,,,,,,,,,,,,
Yves Clunie,Female,Marketing,Lagos,Average,75440,,,,,,,,,,,,
Iain Wiburn,Female,Sales,Kaduna,Average,84760,,,,,,,,,,,,
Nonah Bissell,Male,Engineering,Kaduna,Poor,82240,,,,,,,,,,,,
Mendel Gentsch,Male,Human Resources,Lagos,Very Poor,28330,,,,,,,,,,,,
Alfred Peplay,Female,Human Resources,Lagos,Very Good,60580,,,,,,,,,,,,
Adelina Cheeseman,Male,Support,Kaduna,Very Good,45510,,,,,,,,,,,,
Minetta Parsons,Female,Human Resources,Abuja,Good,110770,,,,,,,,,,,,
Hobard Benninger,Female,Product Management,Abuja,Average,86920,,,,,,,,,,,,
Fancy Bonin,Undisclosed,Training,Lagos,Good,84680,,,,,,,,,,,,
Laura Gomar,Female,Research and Development,Lagos,Poor,36860,,,,,,,,,,,,
Beatrix Schoales,Undisclosed,Sales,Kaduna,Average,114010,,,,,,,,,,,,
Clemmie Hebblewaite,Undisclosed,Services,Kaduna,Very Poor,54130,,,,,,,,,,,,
Issie Crippes,Female,Product Management,Abuja,Very Good,81720,,,,,,,,,,,,
Vasily MacVanamy,Male,Human Resources,Lagos,Average,84470,,,,,,,,,,,,
Aile Strathearn,Female,Marketing,Lagos,Good,114600,,,,,,,,,,,,
Shellysheldon Mahady,Male,Training,Lagos,Very Poor,114690,,,,,,,,,,,,
Laney Renne,Male,Engineering,Kaduna,Good,57350,,,,,,,,,,,,
Trace Sidsaff,Female,Accounting,Kaduna,Poor,51200,,,,,,,,,,,,
Kelly Corkitt,Female,Human Resources,Lagos,Poor,85260,,,,,,,,,,,,
Karlen McCaffrey,Female,Services,Kaduna,Very Poor,71230,,,,,,,,,,,,
Jordain Sparkwill,Female,Product Management,Abuja,Good,107660,,,,,,,,,,,,
Billie Croucher,Female,Engineering,Kaduna,Poor,75230,,,,,,,,,,,,
Izzy Brisco,Female,Marketing,Abuja,Average,108080,,,,,,,,,,,,
Ignacius Losel,Male,Legal,Kaduna,Good,28480,,,,,,,,,,,,
Peggi Bullas,Male,Support,Abuja,Average,56620,,,,,,,,,,,,
Bab Bridger,Male,NULL,Kaduna,Average,87900,,,,,,,,,,,,
Dyna Doucette,Male,Sales,Abuja,Average,103550,,,,,,,,,,,,
Marcellina Kitt,Female,Business Development,Kaduna,Very Good,78500,,,,,,,,,,,,
Shela Goade,Male,Legal,Kaduna,Good,93930,,,,,,,,,,,,
Gwenneth Fealey,Female,NULL,Abuja,Average,114770,,,,,,,,,,,,
Kerrie Cockshutt,Male,NULL,Lagos,Average,73530,,,,,,,,,,,,
Christopher Kezourec,Male,Training,Kaduna,Very Poor,55310,,,,,,,,,,,,
Larry Pioch,Male,Research and Development,Abuja,Poor,49670,,,,,,,,,,,,
Bethanne Shoppee,Female,Support,Abuja,Good,NULL,,,,,,,,,,,,
Reidar Skechley,Male,Product Management,Abuja,Average,40770,,,,,,,,,,,,
Bari Toffano,Male,Product Management,Kaduna,Poor,106780,,,,,,,,,,,,
Robinia Scholling,Female,Human Resources,Kaduna,Average,100730,,,,,,,,,,,,
Grover Cooksey,Undisclosed,Services,Kaduna,Poor,74620,,,,,,,,,,,,
Layton Crayden,Male,Product Management,Kaduna,Average,40450,,,,,,,,,,,,
Marlowe Constantine,Male,Services,Abuja,Average,60560,,,,,,,,,,,,
Rhianna McLeoid,Male,Legal,Kaduna,Average,114900,,,,,,,,,,,,
Alida Welman,Male,Human Resources,Kaduna,Average,69860,,,,,,,,,,,,
Jacobo Lasham,Female,Services,Kaduna,Very Poor,51320,,,,,,,,,,,,
Rhody Odhams,Male,Training,Lagos,Good,103600,,,,,,,,,,,,
Zach Polon,Male,Marketing,Kaduna,Poor,53540,,,,,,,,,,,,
Taddeo Jovis,Female,Sales,Abuja,Poor,98740,,,,,,,,,,,,
Katerine Lohden,Male,Support,Kaduna,Average,115090,,,,,,,,,,,,
Jakob Philippe,Male,Marketing,Kaduna,Good,51910,,,,,,,,,,,,
Monroe Hendrickx,Male,Accounting,Kaduna,Not Rated,34080,,,,,,,,,,,,
Fred Dudeney,Male,Services,Lagos,Poor,88690,,,,,,,,,,,,
Brose MacCorkell,Female,Human Resources,Kaduna,Average,35940,,,,,,,,,,,,
Madelene Upcott,Male,Legal,Abuja,Average,109190,,,,,,,,,,,,
Cara Havers,Male,Marketing,Lagos,Good,89610,,,,,,,,,,,,
Gisella Mewe,Female,Support,Abuja,Good,109760,,,,,,,,,,,,
Daryn Kniveton,Female,Marketing,Lagos,Poor,108390,,,,,,,,,,,,
Stormy Church,Male,Research and Development,Lagos,Very Poor,29880,,,,,,,,,,,,
Cull Nannetti,Male,Support,Kaduna,Average,68090,,,,,,,,,,,,
Shirlene Argo,Female,Services,Abuja,Not Rated,87210,,,,,,,,,,,,
Konstanze Wyleman,Male,Engineering,Abuja,Average,90800,,,,,,,,,,,,
Vernor Atyea,Female,Training,Kaduna,Good,102930,,,,,,,,,,,,
Pedro St. Hill,Male,Engineering,Lagos,Average,NULL,,,,,,,,,,,,
Tris Hynard,Female,Product Management,Kaduna,Average,29080,,,,,,,,,,,,
Calvin O'Carroll,Female,Research and Development,Abuja,Very Good,44450,,,,,,,,,,,,
Jessica Burditt,Female,Services,Kaduna,Average,97120,,,,,,,,,,,,
Aurelea Devitt,Male,Support,Abuja,Average,58840,,,,,,,,,,,,
Meryl Waggatt,Female,Business Development,Kaduna,Good,77060,,,,,,,,,,,,
Corri Ellcome,Female,NULL,Kaduna,Average,81180,,,,,,,,,,,,
Evyn Fyrth,Male,Support,Kaduna,Average,90080,,,,,,,,,,,,
Car Laden,Male,Product Management,Lagos,Average,NULL,,,,,,,,,,,,
Sarene Creeboe,Male,Product Management,Kaduna,Average,35830,,,,,,,,,,,,
Steven Labat,Male,Legal,Kaduna,Average,37110,,,,,,,,,,,,
Lindy Guillet,Male,Training,Abuja,Poor,112780,,,,,,,,,,,,
Loren Rettie,Female,Engineering,Kaduna,Average,96000,,,,,,,,,,,,
Daron Biaggioli,Female,Product Management,Kaduna,Average,112550,,,,,,,,,,,,
Georg Dinnage,Male,Training,Kaduna,Poor,88330,,,,,,,,,,,,
Ewart Hovel,Female,Training,Lagos,Good,116770,,,,,,,,,,,,
Archaimbaud Pinchin,Male,Marketing,Kaduna,Average,40270,,,,,,,,,,,,
Mile Swindley,Undisclosed,Business Development,Kaduna,Average,NULL,,,,,,,,,,,,
Garwood Penhale,Female,Business Development,Kaduna,Very Good,96640,,,,,,,,,,,,
Valentia Etteridge,Female,Business Development,Lagos,Average,118100,,,,,,,,,,,,
Courtney Given,Male,Engineering,Abuja,Average,43600,,,,,,,,,,,,
Claudetta Petherick,Female,Legal,Abuja,Poor,54520,,,,,,,,,,,,
Eberto William,Female,Research and Development,Abuja,Average,57750,,,,,,,,,,,,
Bernie Gorges,Female,Training,Lagos,Average,99970,,,,,,,,,,,,
Myrle Prandoni,Male,Sales,Kaduna,Very Good,62200,,,,,,,,,,,,
Josepha Keningham,Male,Human Resources,Kaduna,Average,42990,,,,,,,,,,,,
Garrick Hadwick,Male,Support,Abuja,Average,117810,,,,,,,,,,,,
Nessy Baskwell,Male,Services,Kaduna,Average,58130,,,,,,,,,,,,
Rosco Cogley,Male,Services,Abuja,Average,86840,,,,,,,,,,,,
Tulley Chiddy,Female,Accounting,Abuja,Average,NULL,,,,,,,,,,,,
Camille Baldinotti,Female,Product Management,Lagos,Good,41700,,,,,,,,,,,,
Dave Lacoste,Male,Legal,Abuja,Average,NULL,,,,,,,,,,,,
Crawford Scad,Male,Human Resources,Kaduna,Average,72880,,,,,,,,,,,,
Larry Pioch,Male,Research and Development,Abuja,Good,49670,,,,,,,,,,,,
Judie Di Bernardo,Male,Accounting,Abuja,Average,117150,,,,,,,,,,,,
Kakalina Stanaway,Male,Human Resources,Kaduna,Poor,97020,,,,,,,,,,,,
Max Shower,Male,Training,Kaduna,Not Rated,67510,,,,,,,,,,,,
Juditha Hatherleigh,Female,Human Resources,Kaduna,Average,34830,,,,,,,,,,,,
Lanny Beaney,Male,Legal,Abuja,Average,38730,,,,,,,,,,,,
Jim Perrygo,Male,Services,Lagos,Good,96790,,,,,,,,,,,,
Shannen Crittal,Female,Engineering,Kaduna,Good,68040,,,,,,,,,,,,
Katya Hundy,Male,Business Development,Lagos,Average,88510,,,,,,,,,,,,
Cordelia Djuricic,Female,Human Resources,Abuja,Very Poor,65350,,,,,,,,,,,,
Emory Whitten,Female,Product Management,Lagos,Not Rated,52000,,,,,,,,,,,,
Philis Rowlstone,Female,Human Resources,Lagos,Average,85740,,,,,,,,,,,,
Fedora Graffin,Male,Research and Development,Lagos,Good,92500,,,,,,,,,,,,
Marjie Bamford,Male,Sales,Abuja,Very Good,80770,,,,,,,,,,,,
Doe Clubley,Female,Product Management,Kaduna,Not Rated,67820,,,,,,,,,,,,
Adella Hartshorne,Female,Human Resources,Abuja,Good,41160,,,,,,,,,,,,
Barney Bonafant,Female,Engineering,Abuja,Poor,48060,,,,,,,,,,,,
Nessi Delves,Male,Training,Kaduna,Very Good,56830,,,,,,,,,,,,
Addi Studdeard,Female,Product Management,Lagos,Very Poor,72500,,,,,,,,,,,,
Benoite Ackermann,Female,Services,Abuja,Average,57080,,,,,,,,,,,,
Sharity Brands,Male,Product Management,Abuja,Very Poor,104080,,,,,,,,,,,,
Cassondra Giottini,Male,Marketing,Kaduna,Not Rated,NULL,,,,,,,,,,,,
Beryl Burnsyde,Male,Legal,Lagos,Good,29770,,,,,,,,,,,,
Ollie Schirak,Male,Legal,Lagos,Average,48690,,,,,,,,,,,,
Amaleta Baltzar,Undisclosed,Research and Development,Lagos,Very Poor,70080,,,,,,,,,,,,
Katya Hundy,Male,Business Development,Kaduna,Poor,88510,,,,,,,,,,,,
Wyn Treadger,Female,Business Development,Abuja,Average,69190,,,,,,,,,,,,
Orton Livick,Male,Services,Abuja,Average,37920,,,,,,,,,,,,
Haven Belward,Male,Accounting,Lagos,Good,89120,,,,,,,,,,,,
Yasmeen Klimkiewich,Female,Legal,Abuja,Very Good,48140,,,,,,,,,,,,
Kristofor Powner,Male,Support,Lagos,Average,69340,,,,,,,,,,,,
Phillipp Nekrews,Male,Human Resources,Kaduna,Very Good,71330,,,,,,,,,,,,
Delora Arendt,Female,Marketing,Abuja,Good,67620,,,,,,,,,,,,
Archibaldo Denny,Female,Product Management,Lagos,Not Rated,69740,,,,,,,,,,,,
Jeane Blaszczak,Female,Engineering,Lagos,Good,44300,,,,,,,,,,,,
Codi Beck,Female,Business Development,Lagos,Poor,40560,,,,,,,,,,,,
Faunie Sinton,Female,Sales,Abuja,Good,115230,,,,,,,,,,,,
Nicol Giacomi,Female,Training,Kaduna,Average,39750,,,,,,,,,,,,
Crawford Scad,Male,Human Resources,Lagos,Average,72880,,,,,,,,,,,,
Vassili Flay,Undisclosed,Research and Development,Abuja,Average,108970,,,,,,,,,,,,
Halimeda Kuscha,Female,Engineering,Abuja,Poor,112570,,,,,,,,,,,,
Charmaine Howie,Male,Accounting,Kaduna,Poor,56810,,,,,,,,,,,,
Norrie Grahl,Undisclosed,Business Development,Abuja,Poor,42950,,,,,,,,,,,,
Ulick Maingot,Female,Services,Kaduna,Average,42820,,,,,,,,,,,,
Millie Fiveash,Female,Sales,Kaduna,Average,57080,,,,,,,,,,,,
Kayley Southwell,Female,Marketing,Kaduna,Average,101670,,,,,,,,,,,,
Reena McKernan,Female,Marketing,Kaduna,Average,104750,,,,,,,,,,,,
Seward Kubera,Male,Engineering,Abuja,Very Good,43330,,,,,,,,,,,,
Rois Garrigan,Male,Accounting,Kaduna,Poor,61430,,,,,,,,,,,,
Euell Willoughley,Male,Product Management,Kaduna,Very Good,105800,,,,,,,,,,,,
Lindi Morfey,Male,Training,Kaduna,Good,99470,,,,,,,,,,,,
Gradey Litton,Female,Accounting,Kaduna,Good,68890,,,,,,,,,,,,
Iris Wagg,Female,NULL,Kaduna,Average,58860,,,,,,,,,,,,
Angeline Christophersen,Female,Engineering,Kaduna,Average,86940,,,,,,,,,,,,
Farrel Vanyatin,Male,Support,Lagos,Average,118120,,,,,,,,,,,,
Kienan Epinay,Male,Marketing,Kaduna,Poor,91120,,,,,,,,,,,,
Aloisia Minto,Male,Research and Development,Abuja,Good,41420,,,,,,,,,,,,
Melisa Knott,Female,Training,Kaduna,Average,86010,,,,,,,,,,,,
Koral Gerriet,Male,Support,Abuja,Average,30080,,,,,,,,,,,,
Constantino Espley,Male,Accounting,Abuja,Average,96800,,,,,,,,,,,,
Desi Peniman,Female,Legal,Lagos,Average,31090,,,,,,,,,,,,
Torrance Collier,Female,Training,Lagos,Good,96140,,,,,,,,,,,,
Ede Mignot,Female,Research and Development,Kaduna,Good,98640,,,,,,,,,,,,
Marcia Muldrew,Female,Sales,Lagos,Good,71510,,,,,,,,,,,,
Quintina Kilgannon,Female,Legal,Kaduna,Poor,86490,,,,,,,,,,,,
Peria Revey,Undisclosed,Engineering,Kaduna,Good,103240,,,,,,,,,,,,
Carry Loblie,Female,Sales,Kaduna,Average,47550,,,,,,,,,,,,
Isadora Maunsell,Male,Sales,Abuja,Average,78490,,,,,,,,,,,,
Tamara Couvet,Female,Engineering,Abuja,Average,61050,,,,,,,,,,,,
Von Boeter,Male,Product Management,Lagos,Good,36370,,,,,,,,,,,,
Forester Feakins,Male,Business Development,Abuja,Average,47290,,,,,,,,,,,,
Gardy Eckersall,Male,Sales,Kaduna,Good,79650,,,,,,,,,,,,
Gamaliel Ewins,Male,Product Management,Abuja,Average,119660,,,,,,,,,,,,
Win Arthurs,Female,Support,Abuja,Average,43200,,,,,,,,,,,,
Richy Gray,Female,Product Management,Kaduna,Very Good,89830,,,,,,,,,,,,
Patricia Dwelly,Male,Accounting,Lagos,Poor,91500,,,,,,,,,,,,
Erv Balmann,Female,Services,Lagos,Very Good,29670,,,,,,,,,,,,
Demetria Le Estut,Female,Support,Abuja,Very Poor,75720,,,,,,,,,,,,
Deedee Ciotto,Male,NULL,Lagos,Poor,34830,,,,,,,,,,,,
Evanne Sheryn,Female,Services,Abuja,Average,81900,,,,,,,,,,,,
Collette Blackaller,Female,Human Resources,Kaduna,Good,42380,,,,,,,,,,,,
Mariann Mowat,Male,Marketing,Kaduna,Good,32620,,,,,,,,,,,,
Tabbatha Pickston,Male,Marketing,Abuja,Average,72040,,,,,,,,,,,,
Vlad Strangeway,Male,Product Management,Abuja,Good,77740,,,,,,,,,,,,
Duky Wallace,Male,Business Development,Kaduna,Average,102140,,,,,,,,,,,,
Townie Dongall,Male,Legal,Kaduna,Not Rated,48630,,,,,,,,,,,,
Shana Bewly,Female,Legal,Abuja,Poor,105960,,,,,,,,,,,,
Mick Tanguy,Female,Research and Development,Lagos,Good,97400,,,,,,,,,,,,
Tadio Audritt,Undisclosed,Human Resources,Abuja,Average,99450,,,,,,,,,,,,
Torey Rosell,Male,Accounting,Kaduna,Average,82670,,,,,,,,,,,,
Chrisy Kyme,Female,Marketing,Lagos,Very Good,99200,,,,,,,,,,,,
Morten Dumphy,Male,Legal,Kaduna,Poor,111480,,,,,,,,,,,,
Issy McLevie,Male,Research and Development,Kaduna,Poor,84940,,,,,,,,,,,,
Michaeline Capehorn,Female,Support,Lagos,Poor,95340,,,,,,,,,,,,
Corny Linturn,Female,Product Management,Kaduna,Poor,47960,,,,,,,,,,,,
Berny Bastide,Undisclosed,Research and Development,Kaduna,Average,56710,,,,,,,,,,,,
Aindrea Lenormand,Female,Human Resources,Abuja,Good,71180,,,,,,,,,,,,
Nels McClounan,Male,Training,Abuja,Average,NULL,,,,,,,,,,,,
Shanon Deverell,Female,Research and Development,Lagos,Very Good,78180,,,,,,,,,,,,
Vaughn Carvill,Female,Training,Lagos,Average,84750,,,,,,,,,,,,
Kora Allebone,Female,Legal,Lagos,Not Rated,98970,,,,,,,,,,,,
Millard Brakewell,Male,Product Management,Kaduna,Good,76560,,,,,,,,,,,,
Lizzie Mullally,Male,Support,Kaduna,Average,NULL,,,,,,,,,,,,
Florie Tortoise,Female,Sales,Abuja,Average,35930,,,,,,,,,,,,
Caro Chappel,Female,Sales,Kaduna,Average,104410,,,,,,,,,,,,
Letisha Carrett,Female,Sales,Abuja,Very Poor,84600,,,,,,,,,,,,
Melva Jickells,Female,Product Management,Lagos,Poor,68800,,,,,,,,,,,,
Sadie Ratt,Male,NULL,Lagos,Good,38660,,,,,,,,,,,,
Riccardo Hagan,Male,Human Resources,Abuja,Average,86560,,,,,,,,,,,,
Chauncey Schild,Female,Support,Abuja,Average,107340,,,,,,,,,,,,
Amery Ofer,Female,Legal,Abuja,Very Good,111050,,,,,,,,,,,,
Aube Chadderton,Female,Human Resources,Abuja,Average,NULL,,,,,,,,,,,,
Michaella Perri,Male,Training,Lagos,Very Poor,75320,,,,,,,,,,,,
Mord Cromblehome,Male,Legal,Kaduna,Average,57910,,,,,,,,,,,,
Major O'Cahsedy,Female,Legal,Abuja,Not Rated,29490,,,,,,,,,,,,
Joana Bartocci,Male,Human Resources,Kaduna,Average,52670,,,,,,,,,,,,
Sly Cowley,Male,Accounting,Abuja,Average,48530,,,,,,,,,,,,
Augusta Cheetham,Male,Research and Development,Abuja,Average,105470,,,,,,,,,,,,
Diarmid Alman,Female,Training,Abuja,Poor,98200,,,,,,,,,,,,
Gearard Wixon,Male,Human Resources,Abuja,Very Good,106190,,,,,,,,,,,,
Kaye Crocroft,Male,Sales,Lagos,Poor,52610,,,,,,,,,,,,
Egor Minto,Undisclosed,Legal,Abuja,Good,63450,,,,,,,,,,,,
Bren Absolon,Male,Accounting,Abuja,Good,74710,,,,,,,,,,,,
Alexine Portail,Female,Sales,Lagos,Average,60330,,,,,,,,,,,,
Duffie Ibel,Male,Sales,Kaduna,Average,61010,,,,,,,,,,,,
Gilles Jaquet,Female,Accounting,Kaduna,Not Rated,76300,,,,,,,,,,,,
Payton Pickervance,Male,Marketing,Kaduna,Average,117020,,,,,,,,,,,,
Barny Fairweather,Male,Marketing,Lagos,Very Poor,77130,,,,,,,,,,,,
Margot Royds,Female,Human Resources,Lagos,Average,106930,,,,,,,,,,,,
Frederik Dartan,Male,Engineering,Abuja,Very Good,62090,,,,,,,,,,,,
Aubert Wedmore.,Female,Marketing,Lagos,Average,61330,,,,,,,,,,,,
Krystal Lambswood,Female,Training,Abuja,Not Rated,41600,,,,,,,,,,,,
Nanice Boatwright,Undisclosed,Marketing,Abuja,Very Poor,105870,,,,,,,,,,,,
Northrup Aires,Female,Human Resources,Kaduna,Average,118300,,,,,,,,,,,,
Janina Wolverson,Female,Research and Development,Kaduna,Good,99680,,,,,,,,,,,,
Floria Olivia,Female,Sales,Abuja,Good,101500,,,,,,,,,,,,
Andrea Becker,Female,Human Resources,Kaduna,Average,46160,,,,,,,,,,,,
Louise Lamming,Female,Sales,Lagos,Average,41930,,,,,,,,,,,,
Renaldo Thomassin,Male,Business Development,Kaduna,Average,73360,,,,,,,,,,,,
Carmel Pancoust,Female,Services,Abuja,Good,119550,,,,,,,,,,,,
Tatum Hush,Female,Human Resources,Abuja,Good,53240,,,,,,,,,,,,
Aldrich Glenny,Male,Business Development,Kaduna,Average,90880,,,,,,,,,,,,
Calvin O'Carroll,Female,Research and Development,Kaduna,Very Poor,44450,,,,,,,,,,,,
Griz Thorington,Male,Support,Abuja,Average,47670,,,,,,,,,,,,
Greta Bagehot,Female,NULL,Kaduna,Not Rated,111420,,,,,,,,,,,,
Eddy Stolze,Male,Training,Kaduna,Average,47760,,,,,,,,,,,,
L;urette Bontein,Male,Product Management,Abuja,Good,47650,,,,,,,,,,,,
Cindee Saice,Female,Services,Abuja,Very Good,103360,,,,,,,,,,,,
Erin Androsik,Male,Human Resources,Kaduna,Poor,48530,,,,,,,,,,,,
Genovera Ghost,Male,Marketing,Kaduna,Average,72160,,,,,,,,,,,,
Felicdad Heibel,Male,Business Development,Abuja,Average,60800,,,,,,,,,,,,
Jobey Boneham,Female,Services,Kaduna,Average,74010,,,,,,,,,,,,
Radcliffe Fairpool,Female,Services,Lagos,Very Good,60760,,,,,,,,,,,,
Gigi Bohling,Male,Engineering,Lagos,Average,74550,,,,,,,,,,,,
Gare Mattiussi,Male,Engineering,Abuja,Poor,32500,,,,,,,,,,,,
Carlin Demke,Male,Business Development,Lagos,Good,110040,,,,,,,,,,,,
Wilt Wayvill,Female,Legal,Kaduna,Average,99750,,,,,,,,,,,,
Ardyce Eacott,Female,Human Resources,Kaduna,Average,92470,,,,,,,,,,,,
Lane Monteaux,Female,Engineering,Kaduna,Average,109980,,,,,,,,,,,,
Cathi Gillbee,Male,Legal,Abuja,Average,41790,,,,,,,,,,,,
Ronnie Mesias,Male,Support,Kaduna,Very Poor,86360,,,,,,,,,,,,
Hali Behnecke,Male,Human Resources,Kaduna,Very Good,65570,,,,,,,,,,,,
Grady Rochelle,Female,Accounting,Kaduna,Very Good,69160,,,,,,,,,,,,
Crissie Cordel,Female,Product Management,Abuja,Good,41570,,,,,,,,,,,,
Durand Backhouse,Female,Sales,Kaduna,Poor,83400,,,,,,,,,,,,
Wendel Malletratt,Male,Business Development,Kaduna,Very Poor,67660,,,,,,,,,,,,
Shellysheldon Ellerman,Female,Product Management,Abuja,Good,34470,,,,,,,,,,,,
Emmeline Bestwerthick,Female,Sales,Kaduna,Not Rated,38240,,,,,,,,,,,,
Marmaduke Worssam,Female,Engineering,Abuja,Very Poor,78380,,,,,,,,,,,,
Murial Ickovici,Female,Business Development,Lagos,Average,72500,,,,,,,,,,,,
Honoria Cootes,Female,Engineering,Abuja,Average,115640,,,,,,,,,,,,
Garvin Delacroix,Male,NULL,Abuja,Average,46250,,,,,,,,,,,,
Merrel Blind,Female,Product Management,Lagos,Average,82120,,,,,,,,,,,,
Rosamond Fishe,Male,Services,Lagos,Good,108160,,,,,,,,,,,,
Shelley Moncreiffe,Male,Sales,Abuja,Average,108360,,,,,,,,,,,,
Cecilla Joselevitch,Female,Human Resources,Abuja,Poor,77840,,,,,,,,,,,,
Jolynn Behnecken,Female,Services,Kaduna,Poor,85180,,,,,,,,,,,,
Adolph McNalley,Male,Business Development,Abuja,Poor,85920,,,,,,,,,,,,
Pippy Roxby,Female,Human Resources,Kaduna,Average,106490,,,,,,,,,,,,
Jessi Calterone,Male,Legal,Lagos,Poor,38520,,,,,,,,,,,,
Moore Gligoraci,Female,Training,Lagos,Average,49530,,,,,,,,,,,,
Mallory Goldsberry,Male,Product Management,Abuja,Average,29610,,,,,,,,,,,,
Nerissa Kavanagh,Male,Training,Abuja,Good,84170,,,,,,,,,,,,
Foss Asquez,Male,Support,Abuja,Average,92190,,,,,,,,,,,,
Ab Lehrian,Male,NULL,Lagos,Average,82240,,,,,,,,,,,,
Mickey Pybus,Male,Human Resources,Kaduna,Good,87850,,,,,,,,,,,,
Timmy Brenston,Male,Business Development,Lagos,Average,43700,,,,,,,,,,,,
Romona Melody,Female,Services,Lagos,Not Rated,88690,,,,,,,,,,,,
Bendite Bloan,Male,Marketing,Lagos,Average,31820,,,,,,,,,,,,
Andrea Penfold,Male,Marketing,Kaduna,Average,70230,,,,,,,,,,,,
Shari Pickston,Male,Legal,Abuja,Average,96320,,,,,,,,,,,,
Dennison Crosswaite,Male,Legal,Abuja,Very Poor,90700,,,,,,,,,,,,
Lucias Minico,Female,Services,Kaduna,Average,67960,,,,,,,,,,,,
Helaine Lyddy,Male,Services,Kaduna,Good,103110,,,,,,,,,,,,
Carlene Torry,Female,Engineering,Lagos,Good,59610,,,,,,,,,,,,
Vere Kulic,Male,Legal,Abuja,Poor,66570,,,,,,,,,,,,
Enrichetta Mowles,Female,Accounting,Kaduna,Average,74390,,,,,,,,,,,,
Delinda Snozzwell,Undisclosed,Engineering,Abuja,Good,67010,,,,,,,,,,,,
Cecilio Sprankling,Male,Research and Development,Abuja,Average,109710,,,,,,,,,,,,
Nickolai Artin,Female,Product Management,Lagos,Average,110910,,,,,,,,,,,,
Beryl Burnsyde,Male,Legal,Abuja,Very Good,29770,,,,,,,,,,,,
Ambrosio Daniely,Female,Support,Kaduna,Very Good,80060,,,,,,,,,,,,
Simon Kembery,Male,Training,Lagos,Average,99750,,,,,,,,,,,,
Brig Dewi,Male,Sales,Lagos,Average,108250,,,,,,,,,,,,
Althea Bronger,Male,Product Management,Kaduna,Average,104340,,,,,,,,,,,,
Ansley Gounel,Female,Product Management,Lagos,Average,38440,,,,,,,,,,,,
Daven Smout,Female,Support,Abuja,Very Good,50800,,,,,,,,,,,,
Julietta Culross,Female,NULL,Lagos,Average,44400,,,,,,,,,,,,
Niall Selesnick,Female,Engineering,Lagos,Good,34980,,,,,,,,,,,,
Lia Lurner,Female,Support,Abuja,Average,77260,,,,,,,,,,,,
Rodrigo Congdon,Female,Legal,Lagos,Average,117940,,,,,,,,,,,,
Brendan Edgeller,Female,Legal,Abuja,Good,31040,,,,,,,,,,,,
Revkah Antonacci,Male,NULL,Abuja,Average,109140,,,,,,,,,,,,
Dewey Berthod,Female,NULL,Lagos,Average,NULL,,,,,,,,,,,,
Fidelio Rigmond,Male,Services,Lagos,Not Rated,96370,,,,,,,,,,,,
Ginger Myott,Female,Services,Abuja,Average,31170,,,,,,,,,,,,
Hatti Vezey,Female,Business Development,Kaduna,Average,116240,,,,,,,,,,,,
Eilis Pavlasek,Male,Product Management,Kaduna,Very Poor,115190,,,,,,,,,,,,
Kellsie Waby,Male,Training,Kaduna,Average,79570,,,,,,,,,,,,
Easter Pyke,Female,Training,Kaduna,Very Good,95680,,,,,,,,,,,,
Inger Andriveaux,Undisclosed,Accounting,Abuja,Good,107110,,,,,,,,,,,,
Corina Triner,Male,Sales,Kaduna,Poor,66100,,,,,,,,,,,,
Loralyn Bruton,Male,Legal,Abuja,Average,39960,,,,,,,,,,,,
Clari Boole,Male,NULL,Kaduna,Average,111850,,,,,,,,,,,,
Susy Challoner,Female,Business Development,Kaduna,Good,29890,,,,,,,,,,,,
Jan Morforth,Male,Marketing,Abuja,Good,48170,,,,,,,,,,,,
Cindi Stratten,Female,Services,Lagos,Good,99200,,,,,,,,,,,,
Marline Wahncke,Male,Legal,Abuja,Average,72840,,,,,,,,,,,,
Violetta Vial,Male,Engineering,Kaduna,Average,68970,,,,,,,,,,,,
Beatriz Bateson,Male,Marketing,Kaduna,Good,89090,,,,,,,,,,,,
Angeline Christophersen,Female,Engineering,Abuja,Poor,86940,,,,,,,,,,,,
Evangelia Gowers,Male,Business Development,Kaduna,Very Good,118450,,,,,,,,,,,,
Fonzie O'Shea,Male,Product Management,Kaduna,Average,80360,,,,,,,,,,,,
Janene Hairsine,Female,Marketing,Abuja,Average,104770,,,,,,,,,,,,
Linell Compfort,Female,Accounting,Abuja,Very Good,70440,,,,,,,,,,,,
Shaylah Owbrick,Male,Support,Abuja,Average,56900,,,,,,,,,,,,
Erin Androsik,Male,Human Resources,Lagos,Very Good,48530,,,,,,,,,,,,
Honor Herreros,Male,Research and Development,Abuja,Average,NULL,,,,,,,,,,,,
Bethanne Leicester,Undisclosed,Services,Abuja,Not Rated,72450,,,,,,,,,,,,
Ottilie Vittel,Female,Business Development,Abuja,Not Rated,34500,,,,,,,,,,,,
Barnaby Farnall,Undisclosed,Engineering,Kaduna,Very Good,118800,,,,,,,,,,,,
Arlie Newcombe,Male,Accounting,Lagos,Not Rated,NULL,,,,,,,,,,,,
Ashien Gallen,Female,Research and Development,Abuja,Very Good,115080,,,,,,,,,,,,
Stan Tolliday,Female,Sales,Lagos,Average,39540,,,,,,,,,,,,
Minetta Parsons,Female,Human Resources,Abuja,Average,110770,,,,,,,,,,,,
Abe Gayter,Male,Training,Lagos,Good,NULL,,,,,,,,,,,,
Kissiah Maydway,Male,Accounting,Lagos,Poor,106460,,,,,,,,,,,,
Charline Husset,Male,Support,Abuja,Poor,94530,,,,,,,,,,,,
Lorain Tew,Female,Business Development,Lagos,Poor,71590,,,,,,,,,,,,
North Bertomeu,Female,Marketing,Abuja,Good,104900,,,,,,,,,,,,
Martita Beaumont,Male,Engineering,Lagos,Not Rated,81790,,,,,,,,,,,,
Janaya MacGinlay,Female,Support,Abuja,Average,33050,,,,,,,,,,,,
Cara Havers,Male,Marketing,Kaduna,Very Good,89610,,,,,,,,,,,,
Ancell Moretto,Female,Product Management,Abuja,Very Poor,96920,,,,,,,,,,,,
Minerva Ricardot,Male,NULL,Abuja,Not Rated,105470,,,,,,,,,,,,
Toby Brodhead,Female,Accounting,Lagos,Average,98400,,,,,,,,,,,,
Tulley Chiddy,Female,Accounting,Lagos,Very Good,NULL,,,,,,,,,,,,
Niles Mahomet,Female,Human Resources,Abuja,Average,50020,,,,,,,,,,,,
Avigdor Karel,Male,Training,Kaduna,Average,71210,,,,,,,,,,,,
Luca Wolstenholme,Male,Engineering,Kaduna,Average,53180,,,,,,,,,,,,
Efrem Mathonnet,Female,Human Resources,Kaduna,Average,107020,,,,,,,,,,,,
Latisha Jolly,Female,Research and Development,Lagos,Average,58400,,,,,,,,,,,,
Quentin Ferraresi,Female,Accounting,Abuja,Good,49000,,,,,,,,,,,,
Marco Wooland,Female,Services,Kaduna,Average,85530,,,,,,,,,,,,
Thekla Lynnett,Male,Training,Lagos,Poor,53950,,,,,,,,,,,,
Pedro Carluccio,Male,Services,Lagos,Average,41140,,,,,,,,,,,,
Caron Kolakovic,Male,Accounting,Kaduna,Average,49920,,,,,,,,,,,,
Debera Gow,Female,Research and Development,Lagos,Average,39700,,,,,,,,,,,,
Hoyt D'Alesco,Male,Sales,Abuja,Poor,53540,,,,,,,,,,,,
Rudyard Tomsa,Female,Marketing,Kaduna,Good,43900,,,,,,,,,,,,
Orran Gritskov,Female,Legal,Lagos,Not Rated,72700,,,,,,,,,,,,
Tyson Prescote,Male,Human Resources,Kaduna,Average,29420,,,,,,,,,,,,
Berenice Osbaldstone,Female,Legal,Abuja,Average,58280,,,,,,,,,,,,
Jessika Jaycocks,Female,Research and Development,Lagos,Average,67980,,,,,,,,,,,,
Gabie Millichip,Male,Legal,Abuja,Very Good,49760,,,,,,,,,,,,
Pearla Beteriss,Male,Services,Kaduna,Good,69910,,,,,,,,,,,,
Harwilll Domotor,Male,Training,Kaduna,Average,112370,,,,,,,,,,,,
Carolina Blumsom,Male,Legal,Abuja,Average,28580,,,,,,,,,,,,
Ryon Baroch,Male,Accounting,Abuja,Poor,43590,,,,,,,,,,,,
Georg Dinnage,Male,Training,Kaduna,Good,88330,,,,,,,,,,,,
Marissa Infante,Undisclosed,Training,Lagos,Average,78840,,,,,,,,,,,,
Daisie Dahlman,Female,Human Resources,Lagos,Not Rated,61990,,,,,,,,,,,,
Joli Jodrelle,Male,Services,Kaduna,Good,77100,,,,,,,,,,,,
Jessica Callcott,Female,Marketing,Lagos,Very Good,66020,,,,,,,,,,,,
Michail Sicha,Male,Marketing,Kaduna,Very Poor,NULL,,,,,,,,,,,,
Sabina Scorrer,Female,Support,Kaduna,Average,70930,,,,,,,,,,,,
Bayard Gendricke,Male,Legal,Kaduna,Very Poor,40980,,,,,,,,,,,,
Esmaria Denecamp,Male,Marketing,Kaduna,Very Poor,48980,,,,,,,,,,,,
Antone Tolmie,Male,Training,Kaduna,Good,110820,,,,,,,,,,,,
Tammi Lackham,Female,Business Development,Abuja,Good,61690,,,,,,,,,,,,
Northrop Reid,Female,NULL,Kaduna,Average,51170,,,,,,,,,,,,
Nananne Gehringer,Undisclosed,Support,Lagos,Average,104800,,,,,,,,,,,,
Loren Bentote,Male,Accounting,Kaduna,Poor,56280,,,,,,,,,,,,
Manolo Gasnell,Male,Engineering,Kaduna,Good,88380,,,,,,,,,,,,
Wyatt Clinch,Male,Engineering,Lagos,Good,52590,,,,,,,,,,,,
Giselbert Newlands,Male,Services,Abuja,Poor,47650,,,,,,,,,,,,
Cristal Demangeot,Female,Sales,Abuja,Good,72350,,,,,,,,,,,,
Jaime Dowe,Female,Accounting,Lagos,Average,39940,,,,,,,,,,,,
Addia Penwright,Male,Research and Development,Abuja,Poor,28130,,,,,,,,,,,,
Ali Roubert,Undisclosed,Engineering,Abuja,Very Good,69460,,,,,,,,,,,,
Emmye Corry,Male,Services,Abuja,Very Good,109030,,,,,,,,,,,,
Addy Pimblett,Male,Product Management,Lagos,Average,66460,,,,,,,,,,,,
Angela Bangley,Female,Training,Abuja,Not Rated,50810,,,,,,,,,,,,
Elbertine Hiscoe,Female,Training,Abuja,Good,NULL,,,,,,,,,,,,
Baudoin Dummigan,Male,Legal,Kaduna,Average,114510,,,,,,,,,,,,
Lissy McCoy,Female,Business Development,Abuja,Poor,86230,,,,,,,,,,,,
Ingunna Wainscoat,Male,Support,Kaduna,Average,73240,,,,,,,,,,,,
Amii Elms,Female,Business Development,Kaduna,Poor,53920,,,,,,,,,,,,
Ignacio Delion,Female,Engineering,Kaduna,Average,113690,,,,,,,,,,,,
Colby Reuven,Male,Business Development,Lagos,Average,101790,,,,,,,,,,,,
Maggee Stiggles,Female,Engineering,Abuja,Average,38930,,,,,,,,,,,,
Kelci Walkden,Male,Human Resources,Kaduna,Very Poor,57090,,,,,,,,,,,,
Bogey Hitcham,Male,Product Management,Lagos,Poor,106170,,,,,,,,,,,,
Pembroke Siflet,Female,Human Resources,Abuja,Average,59550,,,,,,,,,,,,
Adolph Hartin,Male,Product Management,Lagos,Poor,89960,,,,,,,,,,,,
Gisela Wille,Undisclosed,Support,Lagos,Poor,58850,,,,,,,,,,,,
Joyce Leyband,Female,Product Management,Lagos,Average,68200,,,,,,,,,,,,
Reube Sushams,Male,Marketing,Kaduna,Good,90130,,,,,,,,,,,,
Mathian MacMeeking,Female,Services,Kaduna,Good,45060,,,,,,,,,,,,
Antonino Forsdicke,Male,Product Management,Lagos,Average,66370,,,,,,,,,,,,
Mick Spraberry,Female,Services,Abuja,Good,85880,,,,,,,,,,,,
Benita Gillice,Male,Accounting,Kaduna,Poor,NULL,,,,,,,,,,,,
Caresa Christer,Male,Support,Lagos,Poor,59260,,,,,,,,,,,,
Letizia Hasselby,Male,Legal,Abuja,Average,61790,,,,,,,,,,,,
Luce Beentjes,Male,Training,Abuja,Good,48180,,,,,,,,,,,,
Sammy Gantlett,Female,Product Management,Lagos,Very Poor,74800,,,,,,,,,,,,
Pooh Splevins,Female,Business Development,Lagos,Average,31020,,,,,,,,,,,,
Aeriela Aickin,Male,Product Management,Abuja,Average,37550,,,,,,,,,,,,
Tabbatha Pickston,Male,Marketing,Abuja,Good,72040,,,,,,,,,,,,
Tawnya Tickel,Male,Support,Abuja,Not Rated,118840,,,,,,,,,,,,
Royal Nowakowska,Male,Human Resources,Kaduna,Average,79570,,,,,,,,,,,,
Winny Millam,Female,Business Development,Lagos,Not Rated,94050,,,,,,,,,,,,
Michael Sidry,Male,Product Management,Abuja,Average,81260,,,,,,,,,,,,
Nolan Tortis,Male,Support,Abuja,Average,36710,,,,,,,,,,,,
De witt Lottrington,Female,Sales,Abuja,Very Poor,98360,,,,,,,,,,,,
Baxter Brocks,Female,Human Resources,Abuja,Poor,39680,,,,,,,,,,,,
Joyce Esel,Male,Sales,Kaduna,Good,101390,,,,,,,,,,,,
Van Tuxwell,Female,Business Development,Abuja,Good,80700,,,,,,,,,,,,
Fidela Artis,Female,Sales,Lagos,Average,78020,,,,,,,,,,,,
Dov Thoresby,Male,Support,Abuja,Poor,115490,,,,,,,,,,,,
Aloise MacCathay,Male,NULL,Lagos,Average,NULL,,,,,,,,,,,,
Cathi Delgardo,Male,Product Management,Abuja,Good,111910,,,,,,,,,,,,
Doro Nolte,Female,Services,Kaduna,Average,109050,,,,,,,,,,,,
Easter Pyke,Female,Training,Abuja,Average,95680,,,,,,,,,,,,
Noll Forbear,Male,Services,Kaduna,Average,109380,,,,,,,,,,,,
Myer McCory,Male,Research and Development,Kaduna,Average,69710,,,,,,,,,,,,
Doralyn Segar,Female,Support,Kaduna,Average,30000,,,,,,,,,,,,
Clo Jimpson,Male,Legal,Lagos,Very Poor,57620,,,,,,,,,,,,
Brose MacCorkell,Female,Human Resources,Lagos,Poor,35940,,,,,,,,,,,,
Audry Yu,Female,Training,Abuja,Average,101190,,,,,,,,,,,,
Dolley Grayley,Female,Legal,Abuja,Very Good,48980,,,,,,,,,,,,
Meredith Rucklidge,Male,Legal,Lagos,Not Rated,115840,,,,,,,,,,,,
Valida Merrigans,Male,Sales,Kaduna,Very Poor,NULL,,,,,,,,,,,,
Rory Ravenscroftt,Female,Accounting,Kaduna,Very Good,45450,,,,,,,,,,,,
Verla Timmis,Male,Support,Abuja,Average,54140,,,,,,,,,,,,
Jo Benoi,Female,Human Resources,Kaduna,Average,117520,,,,,,,,,,,,
Marquita Liquorish,Female,Legal,Kaduna,Average,NULL,,,,,,,,,,,,
Caty Janas,Male,Accounting,Lagos,Poor,93210,,,,,,,,,,,,
Pennie Walmsley,Male,Support,Lagos,Not Rated,104470,,,,,,,,,,,,
Virge Garfield,Male,Training,Abuja,Poor,110890,,,,,,,,,,,,
Rebecca Shillan,Male,Research and Development,Abuja,Good,NULL,,,,,,,,,,,,
Myrilla Mercik,Female,Training,Kaduna,Average,96660,,,,,,,,,,,,
Giacobo Donke,Male,Services,Kaduna,Average,118360,,,,,,,,,,,,
Barbara-anne Kenchington,Female,Support,Abuja,Average,88030,,,,,,,,,,,,
Aida Bleacher,Male,Product Management,Abuja,Not Rated,87810,,,,,,,,,,,,
Cly Vizard,Male,Business Development,Abuja,Average,51520,,,,,,,,,,,,
Aleksandr Botha,Male,Sales,Abuja,Not Rated,60260,,,,,,,,,,,,
Evangelina Lergan,Male,Support,Kaduna,Average,61210,,,,,,,,,,,,
Maritsa Marusic,Male,Research and Development,Kaduna,Average,52750,,,,,,,,,,,,
Tamar MacGilfoyle,Male,Product Management,Kaduna,Average,47270,,,,,,,,,,,,
Chancey Dyos,Male,Sales,Kaduna,Good,118060,,,,,,,,,,,,
Isaak Rawne,Male,Marketing,Lagos,Average,37360,,,,,,,,,,,,
Gideon Hehir,Female,Business Development,Kaduna,Average,66510,,,,,,,,,,,,
Irena Trousdell,Female,Marketing,Kaduna,Very Poor,29530,,,,,,,,,,,,
Gino Groome,Female,Research and Development,Lagos,Very Good,60440,,,,,,,,,,,,
Lamond Douthwaite,Male,Engineering,Lagos,Very Poor,90530,,,,,,,,,,,,
Ebonee Roxburgh,Male,Training,Kaduna,Very Good,67950,,,,,,,,,,,,
Nathanial Brounfield,Male,Accounting,Kaduna,Average,105120,,,,,,,,,,,,
Mallorie Waber,Male,Training,Lagos,Good,60570,,,,,,,,,,,,
Ewart Laphorn,Female,Training,Kaduna,Good,119110,,,,,,,,,,,,
Hilliary Roarty,Male,Services,Kaduna,Poor,104770,,,,,,,,,,,,
Putnem Manchester,Male,Sales,Lagos,Average,70360,,,,,,,,,,,,
Lanie Gatlin,Female,Support,Abuja,Not Rated,45110,,,,,,,,,,,,
Michel Jados,Male,Research and Development,Abuja,Very Poor,NULL,,,,,,,,,,,,
Lezlie Philcott,Female,Research and Development,Lagos,Not Rated,NULL,,,,,,,,,,,,
Sharl Bendson,Female,Business Development,Abuja,Poor,33630,,,,,,,,,,,,
William Reeveley,Male,Training,Abuja,Good,53870,,,,,,,,,,,,
Granville Stetson,Female,Engineering,Lagos,Average,111190,,,,,,,,,,,,
Mirna Etoile,Female,Legal,Kaduna,Average,29970,,,,,,,,,,,,
Freddie Johnikin,Male,Support,Lagos,Average,64960,,,,,,,,,,,,
Natalee Craiker,Male,Product Management,Abuja,Average,111230,,,,,,,,,,,,
Mariette Daymont,Female,Sales,Abuja,Average,99530,,,,,,,,,,,,
Aldrich Glenny,Male,Business Development,Abuja,Not Rated,90880,,,,,,,,,,,,
Lonny Caen,Female,Research and Development,Lagos,Very Good,35980,,,,,,,,,,,,
Murial Ickovici,Female,Business Development,Kaduna,Good,72500,,,,,,,,,,,,
Kath Bletsoe,Male,Marketing,Abuja,Very Poor,65700,,,,,,,,,,,,
Gayla Blackadder,Female,Services,Lagos,Good,109170,,,,,,,,,,,,
Adela Dowsett,Male,Support,Lagos,Average,95020,,,,,,,,,,,,
Addi Studdeard,Female,Product Management,Abuja,Poor,72500,,,,,,,,,,,,
Sharron Petegree,Female,Product Management,Kaduna,Good,87290,,,,,,,,,,,,
Eleonore Airdrie,Female,Engineering,Abuja,Average,97110,,,,,,,,,,,,
Rhiamon Mollison,Female,Research and Development,Lagos,Average,59430,,,,,,,,,,,,
Karon Oscroft,Male,Marketing,Lagos,Average,112120,,,,,,,,,,,,
Edi Hofton,Male,Research and Development,Abuja,Not Rated,28160,,,,,,,,,,,,
Derk Bosson,Female,Legal,Lagos,Average,75870,,,,,,,,,,,,
Lorrie Derycot,Female,Support,Lagos,Average,93270,,,,,,,,,,,,
Hartwell Pratchett,Female,Training,Lagos,Average,42730,,,,,,,,,,,,
Van Ruseworth,Female,Services,Abuja,Average,80610,,,,,,,,,,,,
Inge Creer,Female,Services,Lagos,Very Poor,69060,,,,,,,,,,,,
Elwira Lyddiard,Male,Product Management,Abuja,Average,31280,,,,,,,,,,,,
Kincaid Hellicar,Male,Business Development,Kaduna,Very Good,96610,,,,,,,,,,,,
Maximo Guirard,Female,Business Development,Kaduna,Average,37020,,,,,,,,,,,,
Alta Kaszper,Male,Training,Lagos,Average,54970,,,,,,,,,,,,
Lamar Blewitt,Male,Services,Lagos,Poor,41910,,,,,,,,,,,,
Hector Isard,Male,Support,Abuja,Very Good,116970,,,,,,,,,,,,
Barbara-anne Kenchington,Female,Support,Kaduna,Very Good,88030,,,,,,,,,,,,
Judi Cosgriff,Female,Human Resources,Abuja,Good,86390,,,,,,,,,,,,
Janean Gostage,Male,Services,Abuja,Not Rated,81150,,,,,,,,,,,,
Delphine Jewis,Female,Accounting,Kaduna,Average,71820,,,,,,,,,,,,
Matias Cormack,Male,Research and Development,Kaduna,Average,85460,,,,,,,,,,,,
Rogers Rosenthaler,Female,Business Development,Lagos,Poor,91190,,,,,,,,,,,,
Clarine Shambrooke,Undisclosed,Support,Lagos,Average,93160,,,,,,,,,,,,
Thedrick Rogeon,Male,Marketing,Kaduna,Poor,110950,,,,,,,,,,,,
Roanne Phizacklea,Female,Product Management,Abuja,Average,35990,,,,,,,,,,,,
Devinne Tuny,Male,Engineering,Kaduna,Average,39970,,,,,,,,,,,,
Martelle Brise,Male,Training,Kaduna,Average,79520,,,,,,,,,,,,
Dino Wooderson,Male,Legal,Abuja,Poor,52120,,,,,,,,,,,,
Effie Vasilov,Male,Support,Lagos,Average,60010,,,,,,,,,,,,
Jermaine Steers,Female,Accounting,Abuja,Good,35440,,,,,,,,,,,,
Saunders Blumson,Undisclosed,Legal,Abuja,Average,56370,,,,,,,,,,,,
Elliot Revelle,Male,Legal,Abuja,Average,NULL,,,,,,,,,,,,
Mora Innett,Female,Legal,Lagos,Poor,105610,,,,,,,,,,,,
Mahalia Larcher,Male,Accounting,Abuja,Good,113280,,,,,,,,,,,,
Dotty Strutley,Female,Engineering,Lagos,Average,41980,,,,,,,,,,,,
Margy Elward,Male,Business Development,Lagos,Average,103670,,,,,,,,,,,,
Danica Nayshe,Female,Services,Kaduna,Good,89690,,,,,,,,,,,,
Shari Pickston,Male,Legal,Lagos,Not Rated,96320,,,,,,,,,,,,
Merrilee Plenty,Female,Research and Development,Abuja,Good,87620,,,,,,,,,,,,
Romona Dimmne,Female,Research and Development,Kaduna,Poor,48250,,,,,,,,,,,,
Lark Ironmonger,Male,Marketing,Abuja,Poor,85780,,,,,,,,,,,,
Aube Chadderton,Female,Human Resources,Lagos,Average,NULL,,,,,,,,,,,,
Caritta Searl,Male,Sales,Kaduna,Poor,54010,,,,,,,,,,,,
Ernestus O'Hengerty,Female,Research and Development,Abuja,Average,31020,,,,,,,,,,,,
Camilla Castle,Female,Product Management,Kaduna,Average,75480,,,,,,,,,,,,
Bette-ann Leafe,Male,Human Resources,Abuja,Average,93500,,,,,,,,,,,,
Aurelia Stanners,Female,Services,Lagos,Good,98630,,,,,,,,,,,,
Shelby Buckland,Male,Services,Lagos,Average,76390,,,,,,,,,,,,
Barr Faughny,Female,Marketing,Abuja,Average,68010,,,,,,,,,,,,
Farris Ditchfield,Male,Human Resources,Kaduna,Good,58030,,,,,,,,,,,,
Gerald Caple,Male,Training,Kaduna,Good,59300,,,,,,,,,,,,
Grier Kidsley,Female,Product Management,Abuja,Average,51800,,,,,,,,,,,,
Yves Pawlik,Male,Accounting,Abuja,Very Good,57930,,,,,,,,,,,,
Korney Bockings,Male,Engineering,Lagos,Average,40530,,,,,,,,,,,,
Stephan Bussel,Male,Research and Development,Kaduna,Average,48290,,,,,,,,,,,,
Caron Pleven,Female,Human Resources,Abuja,Average,NULL,,,,,,,,,,,,
Jedd Moretto,Male,Support,Kaduna,Very Good,63720,,,,,,,,,,,,
Verney Sloegrave,Male,Sales,Kaduna,Average,84500,,,,,,,,,,,,
Nerita Mycock,Male,Accounting,Kaduna,Average,67430,,,,,,,,,,,,
Mella Northam,Male,Support,Kaduna,Not Rated,109120,,,,,,,,,,,,
Thedrick Bothwell,Male,Business Development,Kaduna,Average,69760,,,,,,,,,,,,
Georgianne Archbutt,Female,Services,Kaduna,Not Rated,45600,,,,,,,,,,,,
Thorvald Milliken,Female,Business Development,Lagos,Good,33030,,,,,,,,,,,,
Aileen McCritchie,Male,Business Development,Lagos,Average,80170,,,,,,,,,,,,
Drusy MacCombe,Male,Training,Kaduna,Average,43510,,,,,,,,,,,,
Cathyleen Hurch,Female,Sales,Lagos,Average,49390,,,,,,,,,,,,
Jannel Labb,Female,Research and Development,Kaduna,Average,47910,,,,,,,,,,,,
Cheryl Mantz,Male,Sales,Kaduna,Good,35740,,,,,,,,,,,,
Madlen Ashburner,Male,Support,Abuja,Very Good,42240,,,,,,,,,,,,
Colly Littledike,Female,Services,Lagos,Average,117150,,,,,,,,,,,,
Karyn Creeghan,Male,Engineering,Kaduna,Good,36540,,,,,,,,,,,,
Edgard Irving,Undisclosed,Research and Development,Kaduna,Good,87290,,,,,,,,,,,,
Cyril Medford,Female,Research and Development,Abuja,Average,85720,,,,,,,,,,,,
Kikelia Ellor,Undisclosed,Engineering,Kaduna,Very Good,34620,,,,,,,,,,,,
Dael Bugge,Male,Training,Lagos,Poor,62690,,,,,,,,,,,,
Joyce Esel,Male,Sales,Kaduna,Average,101390,,,,,,,,,,,,
Ferrell Skepper,Female,Research and Development,Kaduna,Average,30250,,,,,,,,,,,,
Hannis January,Male,Business Development,Lagos,Not Rated,29530,,,,,,,,,,,,
Pierson Measham,Male,Business Development,Kaduna,Good,103160,,,,,,,,,,,,
Xylina Pargetter,Female,Legal,Kaduna,Average,109790,,,,,,,,,,,,
Aretha Ettridge,Female,Accounting,Abuja,Average,33760,,,,,,,,,,,,
Joshia Farris,Female,Legal,Kaduna,Average,36740,,,,,,,,,,,,
Cathi Delgardo,Male,Product Management,Abuja,Not Rated,111910,,,,,,,,,,,,
Mabel Orrow,Male,Product Management,Abuja,Poor,31240,,,,,,,,,,,,
Alexandros Rackley,Female,Legal,Kaduna,Not Rated,75730,,,,,,,,,,,,
Mickie Dagwell,Male,Engineering,Abuja,Not Rated,50860,,,,,,,,,,,,
Mariette Daymont,Female,Sales,Lagos,Not Rated,99530,,,,,,,,,,,,
Win Arthurs,Female,Support,Abuja,Very Good,43200,,,,,,,,,,,,
Marni Jull,Female,Services,Abuja,Good,84200,,,,,,,,,,,,
Sandy Cadden,Female,Legal,Lagos,Average,95980,,,,,,,,,,,,
Wyn Treadger,Female,Business Development,Kaduna,Good,69190,,,,,,,,,,,,
Marney O'Breen,Female,Product Management,Kaduna,Good,65920,,,,,,,,,,,,
Westbrook Brandino,Male,Legal,Lagos,Poor,113620,,,,,,,,,,,,
Sandi Labat,Male,Sales,Abuja,Average,60140,,,,,,,,,,,,
Leilah Yesinin,Female,Research and Development,Kaduna,Not Rated,92450,,,,,,,,,,,,
Lincoln Greatex,Male,Human Resources,Abuja,Average,34650,,,,,,,,,,,,
Patti Dradey,Male,Services,Lagos,Average,84740,,,,,,,,,,,,
Oona Donan,Female,Business Development,Lagos,Average,88360,,,,,,,,,,,,
Burtie Moulden,Female,Services,Lagos,Poor,116220,,,,,,,,,,,,
Mathian MacMeeking,Female,Services,Lagos,Average,45060,,,,,,,,,,,,
Reg MacMichael,Male,Services,Kaduna,Average,106890,,,,,,,,,,,,
Ignacius Losel,Male,Legal,Kaduna,Poor,28480,,,,,,,,,,,,
Tonia Moules,Female,Business Development,Abuja,Good,NULL,,,,,,,,,,,,
Joey Keedwell,Female,Marketing,Kaduna,Poor,107440,,,,,,,,,,,,
Clo Jimpson,Male,Legal,Abuja,Good,57620,,,,,,,,,,,,
Bryant Scamp,Female,Human Resources,Kaduna,Average,29810,,,,,,,,,,,,
Mick Titman,Male,Training,Lagos,Poor,105330,,,,,,,,,,,,
Trudie Couch,Female,Legal,Lagos,Average,43110,,,,,,,,,,,,
Cyndia Skedge,Male,Support,Abuja,Average,52630,,,,,,,,,,,,
Francoise Godbold,Male,Sales,Kaduna,Average,46350,,,,,,,,,,,,
Staford Brood,Female,NULL,Kaduna,Good,39800,,,,,,,,,,,,
Filmore Fitzhenry,Male,Human Resources,Kaduna,Not Rated,108170,,,,,,,,,,,,
Berna Dubery,Male,Services,Kaduna,Very Poor,69730,,,,,,,,,,,,
Gerrard Doorey,Male,Product Management,Abuja,Average,110200,,,,,,,,,,,,
Hiram Merkle,Male,Legal,Kaduna,Not Rated,116090,,,,,,,,,,,,
Zebulon Allmen,Undisclosed,Business Development,Abuja,Average,52140,,,,,,,,,,,,
Kingsley Hagard,Male,Engineering,Kaduna,Average,32810,,,,,,,,,,,,
My Hanscome,Male,Sales,Lagos,Average,59430,,,,,,,,,,,,
Eldredge MacClure,Male,Legal,Kaduna,Average,46990,,,,,,,,,,,,
Pauletta Falkus,Male,Sales,Kaduna,Average,33560,,,,,,,,,,,,
Deck McCallion,Male,Sales,Abuja,Average,33890,,,,,,,,,,,,
Miguel Woolner,Male,Training,Kaduna,Poor,51740,,,,,,,,,,,,
Yolande O'Dare,Female,Accounting,Abuja,Good,51650,,,,,,,,,,,,
Kit Battlestone,Female,Research and Development,Abuja,Good,115980,,,,,,,,,,,,
Glennis Fussen,Female,Sales,Kaduna,Good,58370,,,,,,,,,,,,
Rhiamon Mollison,Female,Research and Development,Abuja,Average,59430,,,,,,,,,,,,
Theresita Chasmer,Female,Product Management,Lagos,Average,106670,,,,,,,,,,,,
Pippy Shepperd,Female,Accounting,Kaduna,Very Good,44850,,,,,,,,,,,,
Petronella Marusik,Male,Accounting,Abuja,Average,75600,,,,,,,,,,,,
Andria Kimpton,Male,Product Management,Abuja,Average,69120,,,,,,,,,,,,
Jarad Barbrook,Female,Human Resources,Abuja,Very Poor,31200,,,,,,,,,,,,
Dulsea Folkes,Female,Services,Lagos,Very Good,42160,,,,,,,,,,,,
Herschel Wareham,Male,Services,Kaduna,Average,110830,,,,,,,,,,,,
Skip Morkham,Female,Marketing,Kaduna,Average,83180,,,,,,,,,,,,
Merrilee Plenty,Female,Research and Development,Abuja,Very Good,87620,,,,,,,,,,,,
Dayle O'Luney,Female,Research and Development,Abuja,Good,46750,,,,,,,,,,,,
Gray Seamon,Female,Business Development,Kaduna,Average,78540,,,,,,,,,,,,
Krysta Elacoate,Male,Human Resources,Abuja,Very Poor,106930,,,,,,,,,,,,
Abramo Labbez,Female,Research and Development,Lagos,Average,77000,,,,,,,,,,,,
Faun Rickeard,Male,Product Management,Lagos,Average,74920,,,,,,,,,,,,
Jamesy O'Ferris,Male,Accounting,Kaduna,Average,36550,,,,,,,,,,,,
Fanchon Furney,Male,Accounting,Abuja,Average,95950,,,,,,,,,,,,
Pate Beardsley,Male,Services,Lagos,Very Good,85880,,,,,,,,,,,,
Grady Crosgrove,Undisclosed,Sales,Kaduna,Average,77910,,,,,,,,,,,,
Darcy Brewitt,Male,Human Resources,Kaduna,Average,116670,,,,,,,,,,,,
Foss Asquez,Male,Support,Kaduna,Not Rated,92190,,,,,,,,,,,,
Gilda Richen,Female,Support,Abuja,Poor,71920,,,,,,,,,,,,
Antonino Forsdicke,Male,Product Management,Abuja,Average,66370,,,,,,,,,,,,
Jobie Basili,Female,Sales,Kaduna,Good,39340,,,,,,,,,,,,
Everard Borer,Female,Marketing,Abuja,Average,NULL,,,,,,,,,,,,
Anni Izzard,Male,Human Resources,Abuja,Good,103490,,,,,,,,,,,,
Bebe Pollicott,Female,Legal,Kaduna,Average,87740,,,,,,,,,,,,
Julian Andrassy,Female,Marketing,Lagos,Poor,113980,,,,,,,,,,,,
Shell O'Griffin,Female,Sales,Lagos,Average,NULL,,,,,,,,,,,,
Dionne Garrish,Female,Engineering,Abuja,Good,41600,,,,,,,,,,,,
Gilles Jaquet,Female,Accounting,Kaduna,Good,76300,,,,,,,,,,,,
Alexis Gotfrey,Male,Engineering,Lagos,Very Good,114470,,,,,,,,,,,,
Xavier Filipic,Female,Marketing,Kaduna,Good,31050,,,,,,,,,,,,
Liane Bedburrow,Female,Training,Abuja,Average,76620,,,,,,,,,,,,
Meara Darrington,Male,Engineering,Abuja,Poor,76190,,,,,,,,,,,,
Genevra Friday,Female,Research and Development,Lagos,Average,50450,,,,,,,,,,,,
Penni Patemore,Male,Services,Kaduna,Average,29330,,,,,,,,,,,,
Yanaton Wooster,Male,Marketing,Abuja,Average,76930,,,,,,,,,,,,
Hedvige Stelfox,Female,Human Resources,Abuja,Average,33800,,,,,,,,,,,,
Tammy Backson,Female,Marketing,Abuja,Average,44820,,,,,,,,,,,,
Delinda Snozzwell,Undisclosed,Engineering,Abuja,Good,67010,,,,,,,,,,,,
Inger Chapelhow,Female,Research and Development,Lagos,Average,84310,,,,,,,,,,,,
Arty Duigan,Male,Legal,Abuja,Very Good,108600,,,,,,,,,,,,
Nani Brockley,Male,Product Management,Abuja,Good,47000,,,,,,,,,,,,
Curtice Advani,Male,Product Management,Lagos,Average,59810,,,,,,,,,,,,
Leela Eckart,Male,Legal,Kaduna,Average,90340,,,,,,,,,,,,
Krystal Lambswood,Female,Training,Kaduna,Poor,41600,,,,,,,,,,,,
Cristal Demangeot,Female,Sales,Kaduna,Poor,72350,,,,,,,,,,,,
Jori Ashleigh,Male,Legal,Abuja,Average,64270,,,,,,,,,,,,
Leslie Baruch,Female,Accounting,Kaduna,Very Good,103990,,,,,,,,,,,,
Helene Bouts,Male,Sales,Lagos,Good,70380,,,,,,,,,,,,
Eleni O'Quin,Male,Legal,Lagos,Average,89020,,,,,,,,,,,,
Alic Bagg,Male,Legal,Kaduna,Average,113750,,,,,,,,,,,,
Maible Azemar,Male,Accounting,Kaduna,Average,NULL,,,,,,,,,,,,
Abran Danielsky,Female,Engineering,Kaduna,Average,32720,,,,,,,,,,,,
Halette Yesenev,Male,Services,Kaduna,Average,61920,,,,,,,,,,,,
Cleveland Pottiphar,Female,Marketing,Lagos,Very Good,74600,,,,,,,,,,,,
Osborn Pawle,Male,Training,Abuja,Average,38030,,,,,,,,,,,,
Chas Happel,Female,Services,Kaduna,Very Poor,30940,,,,,,,,,,,,
Roth Bourget,Male,Services,Kaduna,Average,28870,,,,,,,,,,,,
Maisie Shotboulte,Female,Marketing,Abuja,Very Good,71210,,,,,,,,,,,,
Felita Whitloe,Male,Training,Kaduna,Good,63450,,,,,,,,,,,,
Cindi McDuffy,Female,Services,Abuja,Very Poor,87930,,,,,,,,,,,,
Murry Dryburgh,Male,Research and Development,Abuja,Average,69070,,,,,,,,,,,,
Dorise Labat,Male,Business Development,Kaduna,Average,101610,,,,,,,,,,,,
Hephzibah Summerell,Female,Services,Abuja,Average,28310,,,,,,,,,,,,
Alyosha Riquet,Male,Legal,Abuja,Very Good,89840,,,,,,,,,,,,
Maximo Ungerecht,Male,Support,Lagos,Average,96250,,,,,,,,,,,,
Lezlie Balmann,Male,Product Management,Kaduna,Poor,112460,,,,,,,,,,,,
Benny Karolovsky,Undisclosed,Human Resources,Abuja,Average,115440,,,,,,,,,,,,
Gretchen Callow,Female,Training,Kaduna,Average,33920,,,,,,,,,,,,
Candace Hanlon,Male,Support,Lagos,Average,46280,,,,,,,,,,,,
Oby Sorrel,Female,Support,Kaduna,Average,58940,,,,,,,,,,,,
Cecilia Marshalleck,Female,Marketing,Abuja,Not Rated,118980,,,,,,,,,,,,
Antonetta Coggeshall,Male,Sales,Kaduna,Average,96750,,,,,,,,,,,,
Purcell Le Pine,Undisclosed,Legal,Kaduna,Good,101220,,,,,,,,,,,,
Archibald Dyzart,Male,Product Management,Abuja,Average,63020,,,,,,,,,,,,
Lil Ibberson,Male,Business Development,Kaduna,Good,75920,,,,,,,,,,,,
Karita Vasyanin,Male,Legal,Lagos,Average,93080,,,,,,,,,,,,
Joaquin McVitty,Male,Sales,Lagos,Good,68860,,,,,,,,,,,,
Collen Dunbleton,Male,Engineering,Abuja,Poor,118980,,,,,,,,,,,,
Alysa Wankling,Undisclosed,Legal,Lagos,Good,106460,,,,,,,,,,,,
Ardella Dyment,Female,Business Development,Kaduna,Good,70650,,,,,,,,,,,,
Ryun Fasset,Male,NULL,Kaduna,Very Good,101120,,,,,,,,,,,,
Rodina Drinan,Female,Sales,Abuja,Good,77050,,,,,,,,,,,,
Louise Lamming,Female,Sales,Abuja,Poor,41930,,,,,,,,,,,,
Marga Lorenzo,Female,Legal,Abuja,Good,89360,,,,,,,,,,,,
Alvie Keming,Female,Legal,Kaduna,Poor,37840,,,,,,,,,,,,
Sheff Gerdts,Male,Business Development,Abuja,Average,89160,,,,,,,,,,,,
Josie Barnson,Female,Training,Kaduna,Very Good,74110,,,,,,,,,,,,
Petey Probey,Male,Services,Kaduna,Poor,31630,,,,,,,,,,,,
Shelbi Aldin,Female,Research and Development,Abuja,Poor,40910,,,,,,,,,,,,
Estell Kingsland,Male,Sales,Kaduna,Average,32190,,,,,,,,,,,,
Lea Chaplin,Female,Human Resources,Kaduna,Poor,73490,,,,,,,,,,,,
Onofredo Hassan,Male,Product Management,Kaduna,Average,52220,,,,,,,,,,,,
Hyacinthie Braybrooke,Female,Support,Abuja,Average,68900,,,,,,,,,,,,
Agnes Collicott,Female,Sales,Abuja,Average,83750,,,,,,,,,,,,
Margarete Blasing,Male,Support,Kaduna,Not Rated,110970,,,,,,,,,,,,
Patience Noot,Female,Business Development,Abuja,Average,49520,,,,,,,,,,,,
Charmane Heistermann,Female,Business Development,Kaduna,Average,86560,,,,,,,,,,,,
Jamal Beagen,Female,Support,Kaduna,Average,35830,,,,,,,,,,,,
Brigid Jeffrey,Female,Support,Kaduna,Good,53910,,,,,,,,,,,,
Nelli Schoolfield,Female,Engineering,Kaduna,Average,109870,,,,,,,,,,,,
Abigael Basire,Male,Engineering,Abuja,Average,61620,,,,,,,,,,,,
Anjanette Ferre,Undisclosed,Human Resources,Abuja,Average,67960,,,,,,,,,,,,
Mackenzie Hannis,Female,Training,Abuja,Very Poor,57000,,,,,,,,,,,,
Ambros Murthwaite,Male,Sales,Lagos,Average,70610,,,,,,,,,,,,
Lek Scamaden,Female,Training,Abuja,Good,51860,,,,,,,,,,,,
Jehu Rudeforth,Female,Engineering,Abuja,Average,60130,,,,,,,,,,,,
Bert Yaakov,Male,Research and Development,Kaduna,Poor,72040,,,,,,,,,,,,
Bordy Yatman,Female,Product Management,Lagos,Good,108450,,,,,,,,,,,,
Georgie Caress,Male,Marketing,Abuja,Average,58260,,,,,,,,,,,,
Mollie Hanway,Male,NULL,Lagos,Average,112650,,,,,,,,,,,,
Krysta Elacoate,Male,Human Resources,Kaduna,Average,106930,,,,,,,,,,,,
Jolynn Lumbley,Undisclosed,Research and Development,Abuja,Average,70020,,,,,,,,,,,,
Gwendolyn Chrippes,Male,Engineering,Abuja,Good,NULL,,,,,,,,,,,,
Blythe Clipston,Female,Human Resources,Kaduna,Average,35670,,,,,,,,,,,,
Sisely Hatchman,Female,Sales,Kaduna,Average,NULL,,,,,,,,,,,,
Alicea Pudsall,Male,Accounting,Abuja,Average,67630,,,,,,,,,,,,
Karee Ruslinge,Female,Human Resources,Kaduna,Not Rated,82300,,,,,,,,,,,,
Wilone O'Kielt,Female,Business Development,Lagos,Not Rated,114870,,,,,,,,,,,,
Justino Chapiro,Male,Sales,Lagos,Average,71030,,,,,,,,,,,,
Maritsa Marusic,Male,Research and Development,Abuja,Average,52750,,,,,,,,,,,,
Sisely Gatsby,Female,Support,Kaduna,Average,85670,,,,,,,,,,,,
Shantee D'Antonio,Female,Product Management,Kaduna,Good,NULL,,,,,,,,,,,,
Blaire Ruckman,Male,Business Development,Kaduna,Average,61700,,,,,,,,,,,,
William Coveny,Male,Legal,Abuja,Good,66140,,,,,,,,,,,,
Packston Joanic,Male,Marketing,Kaduna,Good,51860,,,,,,,,,,,,
Joana Bartocci,Male,Human Resources,Abuja,Average,52670,,,,,,,,,,,,
Sile Whorton,Female,Legal,Kaduna,Not Rated,61210,,,,,,,,,,,,
Billi Fellgate,Female,Business Development,Kaduna,Average,68980,,,,,,,,,,,,
Franchot Crocken,Female,Accounting,Abuja,Average,29610,,,,,,,,,,,,
Cletus McGarahan,Female,Engineering,Lagos,Good,114430,,,,,,,,,,,,
Callie Duckels,Male,Product Management,Abuja,Average,53760,,,,,,,,,,,,
Roselle Wandrach,Male,Sales,Abuja,Average,91310,,,,,,,,,,,,
Lishe Casemore,Male,Services,Kaduna,Average,117840,,,,,,,,,,,,
Garey Bird,Female,Product Management,Lagos,Average,31830,,,,,,,,,,,,
Toby Micklewright,Male,Legal,Lagos,Not Rated,32980,,,,,,,,,,,,
Dell Molloy,Male,Engineering,Abuja,Poor,47360,,,,,,,,,,,,
Fidela Dowey,Female,Engineering,Lagos,Very Good,86740,,,,,,,,,,,,
Emmanuel Westrey,Female,Support,Kaduna,Average,87400,,,,,,,,,,,,
Abigael Basire,Male,Engineering,Lagos,Poor,61620,,,,,,,,,,,,
Melodie Torresi,Female,Business Development,Lagos,Average,75090,,,,,,,,,,,,
Dewie Stodart,Male,Accounting,Kaduna,Average,78020,,,,,,,,,,,,
Fred Dudeney,Male,Services,Abuja,Very Good,88690,,,,,,,,,,,,
Giffer Berlin,Female,Research and Development,Kaduna,Good,92340,,,,,,,,,,,,
Bealle Glentworth,Male,NULL,Abuja,Poor,99480,,,,,,,,,,,,
Van Tuxwell,Female,Business Development,Abuja,Poor,80700,,,,,,,,,,,,
Sarajane Scourge,Female,Business Development,Abuja,Poor,58830,,,,,,,,,,,,
Rose Shurrocks,Female,Research and Development,Kaduna,Good,32140,,,,,,,,,,,,
Mata Fishley,Male,Accounting,Abuja,Poor,102520,,,,,,,,,,,,
Irvine Blenkin,Male,Human Resources,Abuja,Very Poor,79590,,,,,,,,,,,,
Wald Bountiff,Female,Support,Lagos,Very Good,28970,,,,,,,,,,,,
Leonerd Jiru,Female,Marketing,Lagos,Not Rated,NULL,,,,,,,,,,,,
Hinda Label,Female,Human Resources,Kaduna,Average,92700,,,,,,,,,,,,
Irwin Kirsche,Female,Accounting,Kaduna,Poor,36150,,,,,,,,,,,,
Sile Whorton,Female,Legal,Abuja,Average,61210,,,,,,,,,,,,
Jill Shipsey,Male,Accounting,Lagos,Average,52960,,,,,,,,,,,,
Nerissa Kavanagh,Male,Training,Lagos,Not Rated,84170,,,,,,,,,,,,
Anabal Cooke,Female,Product Management,Kaduna,Average,31920,,,,,,,,,,,,
Ava Whordley,Female,Product Management,Abuja,Very Good,104210,,,,,,,,,,,,
Laney Thowless,Male,Product Management,Kaduna,Good,NULL,,,,,,,,,,,,
Ansley Gounel,Female,Product Management,Abuja,Poor,38440,,,,,,,,,,,,
Cletus McGarahan,Female,Engineering,Kaduna,Very Good,114430,,,,,,,,,,,,
Althea Bronger,Male,Product Management,Kaduna,Poor,104340,,,,,,,,,,,,
Orlando Gorstidge,Male,Marketing,Lagos,Very Poor,40750,,,,,,,,,,,,
Robbert Mandrier,Female,Training,Abuja,Very Good,98020,,,,,,,,,,,,
Twila Roantree,Female,Sales,Lagos,Poor,96620,,,,,,,,,,,,
Archibald Filliskirk,Male,Research and Development,Abuja,Very Good,40400,,,,,,,,,,,,
Denni Wiggans,Male,Product Management,Lagos,Poor,81220,,,,,,,,,,,,
Pyotr Lightewood,Male,Training,Lagos,Not Rated,33840,,,,,,,,,,,,
Shari McNee,Male,Research and Development,Lagos,Average,75880,,,,,,,,,,,,
Issiah Cradick,Male,Engineering,Lagos,Not Rated,81380,,,,,,,,,,,,
Nollie Courteney,Male,Research and Development,Abuja,Not Rated,71490,,,,,,,,,,,,
Tadio Dowdle,Female,Product Management,Kaduna,Average,91930,,,,,,,,,,,,
Ondrea Banfield,Female,Engineering,Kaduna,Average,107790,,,,,,,,,,,,
Asia Jerson,Male,Services,Kaduna,Very Good,NULL,,,,,,,,,,,,
Cornie Arstall,Female,Product Management,Abuja,Average,69970,,,,,,,,,,,,
Jeane Blaszczak,Female,Engineering,Lagos,Poor,44300,,,,,,,,,,,,
Hogan Iles,Female,Accounting,Lagos,Very Good,114180,,,,,,,,,,,,
Saundra O'Connel,Male,Human Resources,Abuja,Average,85330,,,,,,,,,,,,
Malva Iacovacci,Female,NULL,Abuja,Average,65130,,,,,,,,,,,,
Rosaline Wenderott,Female,Sales,Abuja,Good,36820,,,,,,,,,,,,
Bobina Teale,Male,Marketing,Kaduna,Average,116890,,,,,,,,,,,,
Ruby Cracie,Male,Research and Development,Kaduna,Poor,78710,,,,,,,,,,,,
Sissy Muehle,Female,Accounting,Kaduna,Average,86470,,,,,,,,,,,,
Lonny Caen,Female,Research and Development,Lagos,Good,35980,,,,,,,,,,,,
Itch Tinklin,Female,Support,Abuja,Average,77110,,,,,,,,,,,,
Sibyl Dunkirk,Female,Product Management,Kaduna,Very Poor,86570,,,,,,,,,,,,
Brodie Grimstead,Male,Business Development,Kaduna,Good,117850,,,,,,,,,,,,
Amitie Mawson,Female,Marketing,Lagos,Not Rated,116500,,,,,,,,,,,,
Dane Wudeland,Female,Accounting,Kaduna,Poor,80030,,,,,,,,,,,,
Oby Sorrel,Female,Support,Kaduna,Average,58940,,,,,,,,,,,,
Yvette Bett,Male,Human Resources,Lagos,Good,76320,,,,,,,,,,,,
Ianthe Sayre,Male,Support,Abuja,Very Good,110730,,,,,,,,,,,,
Jacklyn Andrioletti,Female,Training,Abuja,Poor,86990,,,,,,,,,,,,
Eliza Hoggan,Female,Legal,Lagos,Average,NULL,,,,,,,,,,,,
Conchita Soden,Male,Marketing,Abuja,Good,74410,,,,,,,,,,,,
Reggie Taylerson,Male,Marketing,Lagos,Good,87610,,,,,,,,,,,,
Leslie Cardoso,Female,Business Development,Abuja,Good,103340,,,,,,,,,,,,
Milton Lilie,Female,Business Development,Kaduna,Average,46470,,,,,,,,,,,,
Aeriell Cuell,Male,Legal,Abuja,Very Poor,108290,,,,,,,,,,,,
Anne-corinne Daulby,Male,Engineering,Lagos,Good,78640,,,,,,,,,,,,
Lisle Danahar,Undisclosed,Sales,Kaduna,Average,75990,,,,,,,,,,,,
Bryana Loyns,Male,Sales,Kaduna,Average,55280,,,,,,,,,,,,
Anjela Spancock,Undisclosed,Accounting,Lagos,Average,98010,,,,,,,,,,,,
Daisie McNeice,Male,Human Resources,Kaduna,Average,50310,,,,,,,,,,,,
Jillana Gabbitis,Male,Marketing,Kaduna,Average,91360,,,,,,,,,,,,
Roddy Speechley,Male,Accounting,Abuja,Good,115920,,,,,,,,,,,,
Oran Buxcy,Female,Engineering,Lagos,Poor,56870,,,,,,,,,,,,
Beverie Moffet,Female,Support,Abuja,Very Good,75970,,,,,,,,,,,,
Novelia Pyffe,Male,Accounting,Kaduna,Good,52270,,,,,,,,,,,,
Dare Tully,Male,Business Development,Lagos,Not Rated,39780,,,,,,,,,,,,
Lilyan Klimpt,Male,Services,Lagos,Average,58960,,,,,,,,,,,,
Jo-anne Gobeau,Female,Training,Abuja,Good,37900,,,,,,,,,,,,
Sheff Gerdts,Male,Business Development,Lagos,Good,89160,,,,,,,,,,,,
Florinda Crace,Female,Sales,Abuja,Good,45510,,,,,,,,,,,,
Dominic Ortler,Female,Product Management,Abuja,Average,66610,,,,,,,,,,,,
Cathrin Yanuk,Male,Sales,Lagos,Very Poor,44120,,,,,,,,,,,,
Austine Littlewood,Female,Services,Abuja,Average,32270,,,,,,,,,,,,
Alford Gerardi,Female,Engineering,Lagos,Not Rated,37130,,,,,,,,,,,,
Cullie Bourcq,Female,Sales,Abuja,Good,45590,,,,,,,,,,,,
Emanuel Beldan,Male,Accounting,Abuja,Average,94070,,,,,,,,,,,,
Danica Nayshe,Female,Services,Kaduna,Not Rated,89690,,,,,,,,,,,,
Hildagard Reece,Female,Services,Lagos,Average,41220,,,,,,,,,,,,
Kai Ryder,Female,Accounting,Lagos,Average,119930,,,,,,,,,,,,
Alfred Peplay,Female,Human Resources,Kaduna,Not Rated,60580,,,,,,,,,,,,
Jeannie Petracco,Female,Engineering,Abuja,Average,94820,,,,,,,,,,,,
Brad Gumb,Male,Accounting,Kaduna,Good,38830,,,,,,,,,,,,
Bonnie Newland,Male,NULL,Abuja,Average,91450,,,,,,,,,,,,
Reinald Franken,Female,Engineering,Abuja,Very Good,28870,,,,,,,,,,,,
Carolyn Attack,Female,Marketing,Lagos,Good,70760,,,,,,,,,,,,
Bogey Hitcham,Male,Product Management,Abuja,Good,106170,,,,,,,,,,,,
Naoma Cruse,Male,Research and Development,Kaduna,Average,71540,,,,,,,,,,,,
Oates Dinan,Female,Research and Development,Lagos,Average,104680,,,,,,,,,,,,
Daphne Francillo,Male,Training,Lagos,Average,63370,,,,,,,,,,,,
Kissiah Maydway,Male,Accounting,Lagos,Good,106460,,,,,,,,,,,,
Trix Lutsch,Male,Business Development,Lagos,Average,106400,,,,,,,,,,,,
Carolin Fieldstone,Female,Marketing,Kaduna,Average,36920,,,,,,,,,,,,
Dulsea Folkes,Female,Services,Abuja,Average,42160,,,,,,,,,,,,
Corabel Luberto,Female,Human Resources,Kaduna,Average,57820,,,,,,,,,,,,
Nicola Kiely,Female,Business Development,Kaduna,Average,93740,,,,,,,,,,,,
Rey Chartman,Female,Training,Kaduna,Poor,93960,,,,,,,,,,,,
Israel Farndon,Male,Marketing,Lagos,Average,107220,,,,,,,,,,,,
Felipe Parkman,Female,Training,Abuja,Very Good,90150,,,,,,,,,,,,
Margit Kunze,Male,Engineering,Abuja,Good,94020,,,,,,,,,,,,
Oliy Feeney,Female,Marketing,Lagos,Good,42970,,,,,,,,,,,,
Sandie Anthonies,Male,Legal,Kaduna,Average,33410,,,,,,,,,,,,
Anni Dinse,Male,Product Management,Lagos,Average,119670,,,,,,,,,,,,
Gaultiero Have,Male,Accounting,Kaduna,Average,115380,,,,,,,,,,,,
Corinna Griffiths,Male,Support,Kaduna,Good,75010,,,,,,,,,,,,
Cherlyn Barter,Female,Accounting,Abuja,Good,104120,,,,,,,,,,,,
Shea Mix,Male,Research and Development,Lagos,Very Poor,82680,,,,,,,,,,,,
Leonidas Cavaney,Male,Accounting,Kaduna,Very Poor,52250,,,,,,,,,,,,
Tallie Chaikovski,Male,Sales,Lagos,Average,83190,,,,,,,,,,,,
Andria Kimpton,Male,Product Management,Kaduna,Average,69120,,,,,,,,,,,,
Rik Delete,Female,Training,Kaduna,Good,NULL,,,,,,,,,,,,
Bill Luffman,Undisclosed,NULL,Abuja,Average,41570,,,,,,,,,,,,
Codie Gaunson,Male,Accounting,Abuja,Poor,83590,,,,,,,,,,,,
Kaine Padly,Male,Research and Development,Abuja,Very Good,107700,,,,,,,,,,,,
Freda Legan,Female,Sales,Kaduna,Average,102130,,,,,,,,,,,,
Hiram Merkle,Male,Legal,Kaduna,Average,116090,,,,,,,,,,,,
Christos Wintle,Male,Engineering,Lagos,Good,74360,,,,,,,,,,,,
Magnum Locksley,Female,Services,Abuja,Not Rated,42310,,,,,,,,,,,,
Adrianne Gave,Male,Engineering,Lagos,Poor,78440,,,,,,,,,,,,
Warner Carwithan,Female,Support,Kaduna,Good,113760,,,,,,,,,,,,
Appolonia Snook,Female,Services,Kaduna,Average,93880,,,,,,,,,,,,
Alikee Jecock,Female,Legal,Kaduna,Poor,85000,,,,,,,,,,,,
Shay Chasney,Male,Human Resources,Lagos,Average,72550,,,,,,,,,,,,
Trey Jurges,Female,Legal,Kaduna,Poor,72360,,,,,,,,,,,,
Tracy Renad,Female,Accounting,Abuja,Average,114890,,,,,,,,,,,,
Sarajane Peachey,Female,Marketing,Abuja,Poor,107580,,,,,,,,,,,,
Bili Sizey,Male,Research and Development,Abuja,Average,36040,,,,,,,,,,,,
Clement Penhearow,Female,NULL,Kaduna,Average,58310,,,,,,,,,,,,
Shaun Kyrkeman,Male,Product Management,Kaduna,Average,35010,,,,,,,,,,,,
Leena Bruckshaw,Male,Research and Development,Lagos,Average,74280,,,,,,,,,,,,
Benni Simounet,Male,Research and Development,Lagos,Very Poor,115790,,,,,,,,,,,,
Kay Edling,Male,Support,Lagos,Average,38330,,,,,,,,,,,,
Shayne Stegel,Male,Business Development,Abuja,Very Good,70270,,,,,,,,,,,,
Floyd Cowgill,Male,Support,Kaduna,Average,37060,,,,,,,,,,,,
William Reeveley,Male,Training,Abuja,Good,53870,,,,,,,,,,,,
Claretta MacQuist,Male,Human Resources,Abuja,Average,NULL,,,,,,,,,,,,
Inger Chapelhow,Female,Research and Development,Abuja,Good,84310,,,,,,,,,,,,
Brien Boise,Female,Research and Development,Kaduna,Very Good,58100,,,,,,,,,,,,
Pancho De Ortega,Male,Support,Kaduna,Very Good,99780,,,,,,,,,,,,
Edd MacKnockiter,Male,Accounting,Lagos,Poor,119020,,,,,,,,,,,,
Hobie Stockbridge,Male,Engineering,Lagos,Good,92940,,,,,,,,,,,,
Ludovika Plaice,Male,Training,Kaduna,Not Rated,59670,,,,,,,,,,,,
Odessa Pusill,Female,NULL,Lagos,Not Rated,41000,,,,,,,,,,,,
Caro Hainsworth,Male,Marketing,Kaduna,Good,77470,,,,,,,,,,,,
Nicolis Winspire,Male,Engineering,Lagos,Good,45650,,,,,,,,,,,,
Niko MacGille,Female,Engineering,Lagos,Average,88430,,,,,,,,,,,,
Evanne Levens,Male,Human Resources,Kaduna,Good,36880,,,,,,,,,,,,
Trix Lutsch,Male,Business Development,Abuja,Poor,106400,,,,,,,,,,,,
Michale Rolf,Male,Services,Lagos,Very Good,111820,,,,,,,,,,,,
Cecilla Northen,Male,Human Resources,Abuja,Average,92870,,,,,,,,,,,,
Cyrillus Garci,Male,Business Development,Lagos,Average,100360,,,,,,,,,,,,
Dayle O'Luney,Female,Research and Development,Lagos,Average,46750,,,,,,,,,,,,
Gunar Cockshoot,Male,Business Development,Abuja,Good,48950,,,,,,,,,,,,
Silva Monte,Male,Sales,Abuja,Poor,52810,,,,,,,,,,,,
Hans Bucke,Male,Legal,Kaduna,Very Poor,78560,,,,,,,,,,,,
Elia Cockton,Female,Support,Kaduna,Average,75280,,,,,,,,,,,,
Freddy Linford,Female,Training,Kaduna,Poor,93130,,,,,,,,,,,,
Gwenore Scotchmer,Female,Business Development,Kaduna,Very Poor,105290,,,,,,,,,,,,
Maggie Ruberti,Male,Training,Kaduna,Not Rated,108340,,,,,,,,,,,,
Desi Peniman,Female,Legal,Kaduna,Average,31090,,,,,,,,,,,,
Allyce Hincham,Male,Business Development,Lagos,Average,101420,,,,,,,,,,,,
Juanita Trembey,Undisclosed,Business Development,Kaduna,Very Good,54780,,,,,,,,,,,,
Lincoln Cord,Female,Support,Abuja,Very Good,63560,,,,,,,,,,,,
Kerwin Blakely,Male,Research and Development,Lagos,Poor,68480,,,,,,,,,,,,
Granny Spencelayh,Male,Legal,Abuja,Average,99460,,,,,,,,,,,,
Collin Jagson,Male,Services,Abuja,Poor,100420,,,,,,,,,,,,
Monti Burdus,Female,Human Resources,Abuja,Average,39650,,,,,,,,,,,,
Konstantin Timblett,Female,Training,Abuja,Average,56250,,,,,,,,,,,,
Fax Scotland,Female,Marketing,Abuja,Average,57640,,,,,,,,,,,,
Isidora Guido,Male,Engineering,Abuja,Very Good,43150,,,,,,,,,,,,
Erv Havill,Female,Accounting,Abuja,Not Rated,106080,,,,,,,,,,,,
Yoshiko Tamblingson,Male,Sales,Kaduna,Good,29590,,,,,,,,,,,,
Barri Teacy,Female,Accounting,Lagos,Average,86240,,,,,,,,,,,,
Alisha Bloschke,Undisclosed,Product Management,Abuja,Average,36480,,,,,,,,,,,,
Jerrilee Maginot,Male,Business Development,Kaduna,Average,NULL,,,,,,,,,,,,
Adi Seawright,Female,Marketing,Kaduna,Very Poor,48590,,,,,,,,,,,,
Eward Astlett,Male,Engineering,Lagos,Average,41670,,,,,,,,,,,,
Chauncey Schild,Female,Support,Lagos,Very Good,107340,,,,,,,,,,,,
Larissa Ingledow,Male,Research and Development,Kaduna,Not Rated,62280,,,,,,,,,,,,
Orton Livick,Male,Services,Abuja,Not Rated,37920,,,,,,,,,,,,
Jolynn Edkins,Female,Support,Kaduna,Average,NULL,,,,,,,,,,,,
Beverie Moffet,Female,Support,Kaduna,Average,75970,,,,,,,,,,,,
Katey Cadany,Male,Services,Abuja,Very Poor,92010,,,,,,,,,,,,
Alida Welman,Male,Human Resources,Lagos,Poor,69860,,,,,,,,,,,,
Nicole Blowfelde,Female,Training,Kaduna,Very Good,59560,,,,,,,,,,,,
Kelley Rounds,Female,Engineering,Kaduna,Average,114810,,,,,,,,,,,,
Felice McMurty,Female,Product Management,Abuja,Not Rated,66870,,,,,,,,,,,,
Layton Kierans,Male,Human Resources,Kaduna,Very Poor,113790,,,,,,,,,,,,
Hedwiga Ingarfield,Female,Legal,Kaduna,Average,38250,,,,,,,,,,,,
Frasquito Mosley,Undisclosed,Support,Abuja,Not Rated,48090,,,,,,,,,,,,
Amandy Jope,Male,Accounting,Abuja,Average,99630,,,,,,,,,,,,
Tarrah Wordsworth,Female,Product Management,Abuja,Poor,86340,,,,,,,,,,,,
Fairfax Wallsam,Undisclosed,Sales,Abuja,Average,88590,,,,,,,,,,,,
Chelsea Itzak,Male,Support,Kaduna,Average,61100,,,,,,,,,,,,
Craggie Whistlecraft,Male,Product Management,Abuja,Average,71240,,,,,,,,,,,,
Faina Durand,Male,Sales,Kaduna,Very Poor,114650,,,,,,,,,,,,
Joella Maevela,Female,Sales,Kaduna,Good,76210,,,,,,,,,,,,
Virginia McConville,Female,Human Resources,Abuja,Very Good,76900,,,,,,,,,,,,
Candy Aindrais,Female,Business Development,Lagos,Very Good,116590,,,,,,,,,,,,
Allene Gobbet,Female,Engineering,Abuja,Average,78390,,,,,,,,,,,,
Ruthanne Beadnell,Female,Accounting,Kaduna,Poor,103610,,,,,,,,,,,,
Damien Netley,Male,Engineering,Abuja,Good,98110,,,,,,,,,,,,
Rasia Fryatt,Female,Human Resources,Lagos,Not Rated,33960,,,,,,,,,,,,
Bev Lashley,Male,Business Development,Kaduna,Not Rated,112110,,,,,,,,,,,,
Curtice Advani,Male,Product Management,Lagos,Good,59810,,,,,,,,,,,,
Madge McCloughen,Undisclosed,Training,Kaduna,Average,91310,,,,,,,,,,,,
Frasier Straw,Male,Business Development,Lagos,Average,71370,,,,,,,,,,,,
Dean Biggam,Female,Training,Abuja,Not Rated,71570,,,,,,,,,,,,
Anni Dinse,Male,Product Management,Lagos,Not Rated,119670,,,,,,,,,,,,
Husein Augar,Female,Marketing,Kaduna,Average,67910,,,,,,,,,,,,
Shaylyn Ransbury,Female,Support,Abuja,Average,100370,,,,,,,,,,,,
Christoph Stretton,Female,Business Development,Abuja,Poor,90240,,,,,,,,,,,,
Jordain Cyster,Female,Engineering,Kaduna,Average,75870,,,,,,,,,,,,
Malory Biles,Female,Training,Kaduna,Not Rated,58740,,,,,,,,,,,,
Adey Ryal,Female,Legal,Lagos,Average,32500,,,,,,,,,,,,
